1 CPU,8 CPU
1180.00,303.7167878
1209.907499,296.902576
1183.990652,291.9944916
1202.222137,296.1510093
1232.682608,296.6869493
1227.101585,293.3300903
1193.512072,296.4
1191.439377,294.2
1200.67851,296.3
1191.805934,294.1651106